{
    "Pregnancies": {
        "count": 537.0,
        "mean": 2.3155489526632688e-17,
        "std": 1.0009324011349574,
        "min": -1.1600564375591667,
        "25%": -0.8612793119144316,
        "50%": -0.2637250606249616,
        "75%": 0.6326063163092435,
        "max": 3.919154698401328
    },
    "Glucose": {
        "count": 537.0,
        "mean": -1.6208842668642881e-16,
        "std": 1.0009324011349574,
        "min": -2.1561522621483435,
        "25%": -0.7533166358323703,
        "50%": -0.15210136741123897,
        "75%": 0.6495189904836027,
        "max": 2.553367340483852
    },
    "BloodPressure": {
        "count": 537.0,
        "mean": 1.002301903795672e-15,
        "std": 1.0009324011349574,
        "min": -3.936433777658813,
        "25%": -0.6765351916526242,
        "50%": -0.02455547445138639,
        "75%": 0.6274242427498514,
        "max": 4.05031775805635
    },
    "SkinThickness": {
        "count": 537.0,
        "mean": -4.879192435969031e-16,
        "std": 1.0009324011349572,
        "min": -2.4970635165875046,
        "25%": -0.6727403868878484,
        "50%": 0.0113807867495225,
        "75%": 0.5814817647806649,
        "max": 3.546006850542606
    },
    "Insulin": {
        "count": 537.0,
        "mean": -1.521646454607291e-16,
        "std": 1.0009324011349574,
        "min": -1.4580670933076574,
        "25%": -0.6770308827376055,
        "50%": -0.15333030223976735,
        "75%": 0.3929435791415985,
        "max": 6.758614428296356
    },
    "BMI": {
        "count": 537.0,
        "mean": 5.62347602789651e-17,
        "std": 1.0009324011349574,
        "min": -2.1381158643478853,
        "25%": -0.7126352381162243,
        "50%": -0.029592438046887225,
        "75%": 0.5643578228829714,
        "max": 5.1229260755196355
    },
    "DiabetesPedigreeFunction": {
        "count": 537.0,
        "mean": 1.1908537470839668e-16,
        "std": 1.0009324011349574,
        "min": -1.183876100754175,
        "25%": -0.7002090951327268,
        "50%": -0.28521086191432354,
        "75%": 0.49104482612009964,
        "max": 5.518793205543057
    },
    "Age": {
        "count": 537.0,
        "mean": -2.1170733281492743e-16,
        "std": 1.0009324011349574,
        "min": -1.0651375699231176,
        "25%": -0.810547566192236,
        "50%": -0.3013675587304728,
        "75%": 0.6321291216160932,
        "max": 4.026662504694515
    },
    "glucose_bmi_interaction": {
        "count": 537.0,
        "mean": 1.0585366640746371e-16,
        "std": 1.0009324011349574,
        "min": -1.735732858781154,
        "25%": -0.7163685813864051,
        "50%": -0.15447339112244013,
        "75%": 0.5413032167917877,
        "max": 3.5081547056743085
    },
    "insulin_glucose_ratio": {
        "count": 537.0,
        "mean": -4.2341466562985486e-16,
        "std": 1.0009324011349574,
        "min": -1.8912326316933374,
        "25%": -0.6445083493142851,
        "50%": -0.13760749662593735,
        "75%": 0.4304082793245096,
        "max": 5.120703964626167
    }
}