{"PSI":{"Pregnancies":0.1289424382,"Glucose":0.1280874398,"BloodPressure":0.1969710184,"SkinThickness":0.1824282054,"Insulin":0.2536775464,"BMI":0.2458940027,"DiabetesPedigreeFunction":0.5533224792,"Age":0.1875712477,"glucose_bmi_interaction":0.0986809235,"insulin_glucose_ratio":0.1868737522},"KS_p":{"Pregnancies":0.8103724958,"Glucose":0.121435442,"BloodPressure":0.7499352393,"SkinThickness":0.4242301365,"Insulin":0.8788221675,"BMI":0.0407517651,"DiabetesPedigreeFunction":0.7982422122,"Age":0.5182074525,"glucose_bmi_interaction":0.183120996,"insulin_glucose_ratio":0.2530961594}}