{
    "f05": 0.7111111111111111,
    "roc_auc": 0.8390243902439024,
    "pr_auc": 0.7264552622759656,
    "precision": 0.6956521739130435,
    "recall": 0.7804878048780488
}