{"best_model_name": "SVM", "optimal_threshold": 0.37373737373737376, "test_f05": 0.7111111111111111}